[{"id": "ChIJYW7ZL-hJXhMR9ve2dpMf5Io", "name": "Ελληνικά Ταχυδρομεία (ΕΛΤΑ)", "address": "Maizonos 32, Patra", "types": ["post_office", "finance", "point_of_interest", "establishment"], "coordinates": {"lat": 38.2498044, "lng": 21.7389391}, "rating": 1.5, "rating_n": 161, "current_popularity": 60, "populartimes": [{"name": "Monday", "data": [0, 0, 0, 0, 0, 0, 0, 22, 47, 71, 83, 89, 90, 80, 58, 0, 0, 0, 0, 0, 0, 0, 0, 0]}, {"name": "Tuesday", "data": [0, 0, 0, 0, 0, 0, 0, 30, 63, 88, 92, 90, 90, 81, 56, 0, 0, 0, 0, 0, 0, 0, 0, 0]}, {"name": "Wednesday", "data": [0, 0, 0, 0, 0, 0, 0, 25, 59, 84, 91, 94, 100, 90, 64, 0, 0, 0, 0, 0, 0, 0, 0, 0]}, {"name": "Thursday", "data": [0, 0, 0, 0, 0, 0, 0, 10, 40, 80, 97, 86, 87, 85, 50, 0, 0, 0, 0, 0, 0, 0, 0, 0]}, {"name": "Friday", "data": [0, 0, 0, 0, 0, 0, 0, 19, 44, 51, 49, 66, 92, 90, 60, 0, 0, 0, 0, 0, 0, 0, 0, 0]}, {"name": "Saturday", "data": [0, 0, 0, 0, 0, 0, 0, 0, 0, 0, 0, 0, 0, 0, 0, 0, 0, 0, 0, 0, 0, 0, 0, 0]}, {"name": "Sunday", "data": [0, 0, 0, 0, 0, 0, 0, 0, 0, 0, 0, 0, 0, 0, 0, 0, 0, 0, 0, 0, 0, 0, 0, 0]}], "time_spent": [15, 15]}, {"id": "ChIJaczbf8JJXhMR9QcBFbdskRA", "name": "B.M.G. RENTACAR", "address": "Andrea Papandreou 1, Patra", "types": ["car_rental", "point_of_interest", "establishment"], "coordinates": {"lat": 38.25064699999999, "lng": 21.737284}, "rating": 1, "rating_n": 1, "populartimes": [{"name": "Monday", "data": [0, 0, 0, 0, 0, 0, 0, 0, 0, 44, 55, 51, 41, 24, 0, 0, 0, 0, 0, 0, 0, 0, 0, 0]}, {"name": "Tuesday", "data": [0, 0, 0, 0, 0, 0, 0, 0, 0, 48, 62, 51, 27, 10, 0, 0, 0, 3, 10, 0, 0, 0, 0, 0]}, {"name": "Wednesday", "data": [0, 0, 0, 0, 0, 0, 0, 0, 0, 58, 72, 55, 24, 0, 0, 0, 0, 0, 3, 10, 0, 0, 0, 0]}, {"name": "Thursday", "data": [0, 0, 0, 0, 0, 0, 0, 0, 0, 55, 72, 55, 27, 6, 0, 0, 0, 6, 13, 13, 0, 0, 0, 0]}, {"name": "Friday", "data": [0, 0, 0, 0, 0, 0, 0, 0, 0, 72, 100, 75, 44, 17, 0, 0, 0, 0, 3, 3, 0, 0, 0, 0]}, {"name": "Saturday", "data": [0, 0, 0, 0, 0, 0, 0, 0, 0, 41, 65, 51, 17, 0, 0, 0, 0, 0, 0, 0, 0, 0, 0, 0]}, {"name": "Sunday", "data": [0, 0, 0, 0, 0, 0, 0, 0, 0, 0, 0, 0, 0, 0, 0, 0, 0, 0, 0, 0, 0, 0, 0, 0]}]}, {"id": "ChIJFxIYOehJXhMRTnfIBMK7Cjw", "name": "eCig Hellas Ηλεκτρονικο Τσιγαρο - Πάτρα", "address": "Maizonos 47, Patra", "types": ["electronics_store", "point_of_interest", "store", "establishment"], "coordinates": {"lat": 38.24966320000001, "lng": 21.7390509}, "rating": 4.9, "rating_n": 208, "populartimes": [{"name": "Monday", "data": [0, 0, 0, 0, 0, 0, 0, 0, 0, 49, 80, 100, 92, 63, 33, 0, 0, 0, 0, 0, 0, 0, 0, 0]}, {"name": "Tuesday", "data": [0, 0, 0, 0, 0, 0, 0, 0, 0, 31, 49, 59, 56, 40, 22, 12, 14, 31, 52, 56, 36, 0, 0, 0]}, {"name": "Wednesday", "data": [0, 0, 0, 0, 0, 0, 0, 0, 0, 12, 31, 50, 49, 28, 10, 0, 0, 0, 0, 0, 0, 0, 0, 0]}, {"name": "Thursday", "data": [0, 0, 0, 0, 0, 0, 0, 0, 0, 35, 54, 66, 64, 49, 29, 14, 8, 21, 56, 64, 31, 0, 0, 0]}, {"name": "Friday", "data": [0, 0, 0, 0, 0, 0, 0, 0, 0, 42, 68, 78, 66, 42, 19, 8, 14, 42, 71, 64, 33, 0, 0, 0]}, {"name": "Saturday", "data": [0, 0, 0, 0, 0, 0, 0, 0, 0, 7, 22, 49, 68, 61, 36, 0, 0, 0, 0, 0, 0, 0, 0, 0]}, {"name": "Sunday", "data": [0, 0, 0, 0, 0, 0, 0, 0, 0, 0, 0, 0, 0, 0, 0, 0, 0, 0, 0, 0, 0, 0, 0, 0]}]}, {"id": "ChIJSap7relJXhMRUkopSQsXwuI", "name": "spelectronics.gr - ΗΛΕΚΤΡΟΝΙΚΑ ΗΛΕΚΤΡΟΛΟΓΙΚΑ ΠΑΤΡΑΣ", "address": "Satovriandou 43-47, Patra", "types": ["electronics_store", "point_of_interest", "store", "establishment"], "coordinates": {"lat": 38.250167, "lng": 21.739824}, "rating": 4.8, "rating_n": 59, "populartimes": [{"name": "Monday", "data": [0, 0, 0, 0, 0, 0, 0, 0, 0, 14, 59, 54, 59, 64, 28, 0, 0, 0, 0, 0, 0, 0, 0, 0]}, {"name": "Tuesday", "data": [0, 0, 0, 0, 0, 0, 0, 0, 0, 9, 52, 80, 95, 95, 0, 0, 0, 28, 64, 59, 21, 0, 0, 0]}, {"name": "Wednesday", "data": [0, 0, 0, 0, 0, 0, 0, 0, 0, 19, 52, 88, 100, 78, 40, 0, 0, 0, 0, 0, 0, 0, 0, 0]}, {"name": "Thursday", "data": [0, 0, 0, 0, 0, 0, 0, 0, 0, 7, 21, 57, 92, 88, 0, 0, 0, 54, 64, 40, 14, 0, 0, 0]}, {"name": "Friday", "data": [0, 0, 0, 0, 0, 0, 0, 0, 0, 30, 57, 73, 71, 50, 0, 0, 0, 21, 26, 26, 23, 0, 0, 0]}, {"name": "Saturday", "data": [0, 0, 0, 0, 0, 0, 0, 0, 0, 40, 73, 97, 97, 73, 40, 0, 0, 0, 0, 0, 0, 0, 0, 0]}, {"name": "Sunday", "data": [0, 0, 0, 0, 0, 0, 0, 0, 0, 0, 0, 0, 0, 0, 0, 0, 0, 0, 0, 0, 0, 0, 0, 0]}], "time_spent": [15, 15]}, {"id": "ChIJhT1xJuhJXhMRB_dOMAB9G8A", "name": "Κατσαρόλα της Τούλας", "address": "Riga Fereou 49, Patra", "types": ["restaurant", "food", "point_of_interest", "establishment"], "coordinates": {"lat": 38.2499822, "lng": 21.7379614}, "rating": 4.6, "rating_n": 554, "current_popularity": 6, "populartimes": [{"name": "Monday", "data": [0, 0, 0, 0, 0, 0, 0, 0, 0, 0, 0, 12, 25, 39, 43, 33, 20, 12, 9, 7, 0, 0, 0, 0]}, {"name": "Tuesday", "data": [0, 0, 0, 0, 0, 0, 0, 0, 0, 0, 0, 10, 21, 45, 66, 62, 37, 17, 14, 19, 0, 0, 0, 0]}, {"name": "Wednesday", "data": [0, 0, 0, 0, 0, 0, 0, 0, 0, 0, 0, 17, 37, 60, 68, 53, 32, 19, 12, 9, 0, 0, 0, 0]}, {"name": "Thursday", "data": [0, 0, 0, 0, 0, 0, 0, 0, 0, 0, 0, 22, 53, 91, 100, 72, 41, 27, 22, 15, 0, 0, 0, 0]}, {"name": "Friday", "data": [0, 0, 0, 0, 0, 0, 0, 0, 0, 0, 0, 14, 39, 80, 100, 72, 31, 11, 10, 13, 0, 0, 0, 0]}, {"name": "Saturday", "data": [0, 0, 0, 0, 0, 0, 0, 0, 0, 0, 0, 12, 21, 43, 64, 56, 30, 12, 6, 3, 0, 0, 0, 0]}, {"name": "Sunday", "data": [0, 0, 0, 0, 0, 0, 0, 0, 0, 0, 0, 0, 0, 0, 0, 0, 0, 0, 0, 0, 0, 0, 0, 0]}], "time_spent": [20, 60]}, {"id": "ChIJHf2oKOhJXhMRU48jxmo1y6s", "name": "Zolotas S.A.", "address": "Riga Fereou 32, Patra", "types": ["point_of_interest", "store", "establishment"], "coordinates": {"lat": 38.2501092, "lng": 21.7378917}, "rating": 4.3, "rating_n": 75, "populartimes": [{"name": "Monday", "data": [0, 0, 0, 0, 0, 0, 0, 0, 0, 60, 76, 72, 74, 84, 42, 0, 0, 0, 0, 0, 0, 0, 0, 0]}, {"name": "Tuesday", "data": [0, 0, 0, 0, 0, 0, 0, 0, 0, 70, 76, 68, 80, 86, 0, 0, 0, 52, 88, 100, 72, 0, 0, 0]}, {"name": "Wednesday", "data": [0, 0, 0, 0, 0, 0, 0, 0, 0, 60, 78, 76, 72, 56, 32, 0, 0, 0, 0, 0, 0, 0, 0, 0]}, {"name": "Thursday", "data": [0, 0, 0, 0, 0, 0, 0, 0, 0, 46, 62, 64, 74, 62, 0, 0, 0, 34, 68, 76, 46, 0, 0, 0]}, {"name": "Friday", "data": [0, 0, 0, 0, 0, 0, 0, 0, 0, 52, 82, 90, 100, 44, 0, 0, 0, 36, 88, 98, 50, 0, 0, 0]}, {"name": "Saturday", "data": [0, 0, 0, 0, 0, 0, 0, 0, 0, 36, 68, 88, 84, 56, 0, 0, 0, 0, 0, 0, 0, 0, 0, 0]}, {"name": "Sunday", "data": [0, 0, 0, 0, 0, 0, 0, 0, 0, 0, 0, 0, 0, 0, 0, 0, 0, 0, 0, 0, 0, 0, 0, 0]}], "time_spent": [15, 15]}, {"id": "ChIJOeK7WuhJXhMRp1dmjE1OOmo", "name": "ΑΝΑΣΤΑΣΟΠΟΥΛΟΣ ΙΩΑΝΝΗΣ", "address": "Korinthou 156, Patra", "types": ["electronics_store", "point_of_interest", "store", "establishment"], "coordinates": {"lat": 38.24964899999999, "lng": 21.73991939999999}, "rating": 4.5, "rating_n": 43, "populartimes": [{"name": "Monday", "data": [0, 0, 0, 0, 0, 0, 0, 0, 35, 81, 84, 50, 52, 66, 37, 0, 0, 0, 0, 0, 0, 0, 0, 0]}, {"name": "Tuesday", "data": [0, 0, 0, 0, 0, 0, 0, 0, 20, 50, 84, 100, 83, 49, 22, 0, 0, 22, 32, 32, 20, 0, 0, 0]}, {"name": "Wednesday", "data": [0, 0, 0, 0, 0, 0, 0, 0, 45, 66, 67, 84, 100, 83, 45, 0, 0, 0, 0, 0, 0, 0, 0, 0]}, {"name": "Thursday", "data": [0, 0, 0, 0, 0, 0, 0, 0, 32, 60, 75, 67, 45, 30, 24, 0, 0, 32, 30, 28, 22, 0, 0, 0]}, {"name": "Friday", "data": [0, 0, 0, 0, 0, 0, 0, 0, 16, 50, 75, 69, 64, 54, 30, 0, 0, 24, 32, 32, 24, 0, 0, 0]}, {"name": "Saturday", "data": [0, 0, 0, 0, 0, 0, 0, 0, 16, 30, 37, 43, 45, 37, 20, 0, 0, 0, 0, 0, 0, 0, 0, 0]}, {"name": "Sunday", "data": [0, 0, 0, 0, 0, 0, 0, 0, 0, 0, 0, 0, 0, 0, 0, 0, 0, 0, 0, 0, 0, 0, 0, 0]}]}, {"id": "ChIJLWNTMuhJXhMRc0uCYczaWys", "name": "Bocas", "address": "Riga Fereou 39, Patra", "types": ["bar", "point_of_interest", "establishment"], "coordinates": {"lat": 38.250426, "lng": 21.7385406}, "rating": 4.6, "rating_n": 403, "current_popularity": 14, "populartimes": [{"name": "Monday", "data": [20, 10, 0, 0, 0, 0, 0, 0, 0, 9, 12, 15, 17, 16, 13, 9, 6, 5, 6, 7, 7, 7, 7, 6]}, {"name": "Tuesday", "data": [6, 6, 0, 0, 0, 0, 0, 0, 0, 10, 11, 12, 12, 11, 10, 9, 8, 8, 10, 14, 21, 27, 31, 30]}, {"name": "Wednesday", "data": [25, 18, 0, 0, 0, 0, 0, 0, 0, 11, 12, 13, 12, 11, 9, 7, 5, 4, 3, 6, 13, 27, 42, 50]}, {"name": "Thursday", "data": [43, 29, 0, 0, 0, 0, 0, 0, 0, 9, 12, 15, 16, 14, 10, 6, 4, 5, 10, 19, 30, 39, 42, 37]}, {"name": "Friday", "data": [26, 15, 0, 0, 0, 0, 0, 0, 4, 6, 8, 9, 9, 9, 8, 7, 6, 6, 9, 17, 32, 51, 71, 83]}, {"name": "Saturday", "data": [78, 57, 0, 0, 0, 0, 0, 0, 10, 12, 14, 14, 14, 13, 11, 9, 7, 6, 7, 12, 27, 52, 82, 100]}, {"name": "Sunday", "data": [95, 70, 0, 0, 0, 0, 0, 0, 0, 8, 8, 9, 9, 8, 8, 7, 7, 7, 7, 9, 17, 28, 35, 31]}], "time_spent": [45, 150]}]